Lag,Interval,Zaman,γ̄,t-stat,N
1,1,10:00,0.00665237191407731,0.6875093290644364,1123
1,2,10:30,0.00386412600556679,0.4570542581201791,1123
1,3,11:00,0.020928861933526048,2.22483118829245,1123
1,4,11:30,0.017034352177428037,1.9581677252585594,1123
1,5,12:00,0.01014250256549381,1.1534893074023753,1123
1,6,12:30,-0.0018384103225395137,-0.21477010881395495,1123
1,7,13:00,0.010221873683461648,1.117954151495603,1123
1,8,13:30,0.01595026663044946,1.8364051663376073,1123
1,9,14:00,-0.003993394082876876,-0.4219251406553243,1123
1,10,14:30,0.008450103562734155,0.9012943061587354,1123
1,11,15:00,-0.00831159148820638,-0.9010418113291871,1123
1,12,15:30,-0.004312072226462445,-0.4937248951284552,1123
1,13,16:00,0.002762364737212199,0.29522823382844265,1123
1,14,16:30,0.006800493332723926,0.7295351694663076,1123
1,15,17:00,0.01774028592261375,1.952710596964589,1123
1,16,17:30,0.035370608355978245,4.342037431073243,1123
2,1,10:00,-0.013039837525157355,-1.4962595377474104,1122
2,2,10:30,0.003304008681791694,0.36381350445290583,1122
2,3,11:00,0.0161605138488979,1.839794725490522,1122
2,4,11:30,0.0037681856721377667,0.478839225366148,1122
2,5,12:00,0.0037010208015794887,0.4117438937476628,1122
2,6,12:30,-0.0008820280517939817,-0.09785074526422169,1122
2,7,13:00,0.0007459794629642296,0.08826850013504411,1122
2,8,13:30,-0.003528792472537871,-0.45030813280430676,1122
2,9,14:00,0.010018274506108902,0.9549068604471351,1122
2,10,14:30,-0.0025428841047782794,-0.2963560934694598,1122
2,11,15:00,0.008531027509835365,0.9556778839658163,1122
2,12,15:30,0.009709973841988035,1.1244212996625897,1122
2,13,16:00,0.021276371855983568,2.4966606143984422,1122
2,14,16:30,0.00528826089671815,0.5583049091588694,1122
2,15,17:00,-0.00012554183937888395,-0.014847382690384306,1122
2,16,17:30,0.03132554627610346,3.6856829608687445,1122
3,1,10:00,0.0005592173908541122,0.06055830275249466,1121
3,2,10:30,0.00014922534509251872,0.015632114174176166,1121
3,3,11:00,-0.004932647577787101,-0.5020908117499044,1121
3,4,11:30,0.002441880675283458,0.3205581936494638,1121
3,5,12:00,0.012753749903683142,1.2739975415979181,1121
3,6,12:30,-0.00968809550032791,-1.1909236020024458,1121
3,7,13:00,0.0013607226923262876,0.15592319318998607,1121
3,8,13:30,0.0016763242275849863,0.2045112545123334,1121
3,9,14:00,-0.011988462996282033,-1.2847730202418128,1121
3,10,14:30,0.014101751761525942,1.6729005388023253,1121
3,11,15:00,0.014578549080407201,1.7017593209512363,1121
3,12,15:30,0.0004840041961464614,0.055135826623690404,1121
3,13,16:00,0.009303969244474106,1.0729393314767397,1121
3,14,16:30,0.024375592362561864,2.2596659856398413,1121
3,15,17:00,-0.0002452506914514602,-0.027569791005224796,1121
3,16,17:30,0.011520981469843558,1.4233850004500415,1121
4,1,10:00,0.011427470588762163,1.410879433822554,1120
4,2,10:30,0.008649737865059508,1.0571977030045097,1120
4,3,11:00,-0.004427070671650514,-0.45994476152993596,1120
4,4,11:30,0.002565573162616987,0.3032543944847749,1120
4,5,12:00,-0.0027220487067395947,-0.2962067105846072,1120
4,6,12:30,-0.001456830217034022,-0.1550847852750497,1120
4,7,13:00,0.014868726762509698,1.7347008747722816,1120
4,8,13:30,-0.000746758483812997,-0.08567697002549761,1120
4,9,14:00,0.0003876940357135785,0.04677152608826968,1120
4,10,14:30,0.0011452995134379807,0.13224958274134815,1120
4,11,15:00,-0.007147808696922815,-0.8522609082675667,1120
4,12,15:30,0.020584086816201965,2.259733103282975,1120
4,13,16:00,0.016788960237313796,1.8342674530616634,1120
4,14,16:30,0.018823306017808517,2.295159992854409,1120
4,15,17:00,0.015703492867908283,1.8750998102845682,1120
4,16,17:30,0.012360861404254558,1.479873348398323,1120
5,1,10:00,0.013926457999797005,1.6490834668035808,1119
5,2,10:30,-0.003295143440533859,-0.41953044143456397,1119
5,3,11:00,0.006223873042761419,0.7273550764718494,1119
5,4,11:30,0.01621477674704097,2.076437075743033,1119
5,5,12:00,-0.01703006198573505,-1.890471614724117,1119
5,6,12:30,-0.010310691361576536,-1.2444473416916237,1119
5,7,13:00,-0.008306091200487094,-0.9965003924139211,1119
5,8,13:30,0.007035458425549589,0.9732451578320849,1119
5,9,14:00,0.005844875417062139,0.6150632853514536,1119
5,10,14:30,0.012284796616117028,1.4375824958048067,1119
5,11,15:00,0.009074814678379794,0.6770363284832857,1119
5,12,15:30,0.004769264548776551,0.42865253509298623,1119
5,13,16:00,0.00014378816961485054,0.016494904294085753,1119
5,14,16:30,0.017016978820554935,1.2230935282173545,1119
5,15,17:00,0.015887533132055345,2.1040854049501405,1119
5,16,17:30,0.030698436323329043,3.7500810427668907,1119
6,1,10:00,0.006184166440033902,0.6666674646739129,1118
6,2,10:30,0.01626352730240029,1.8515581785557467,1118
6,3,11:00,0.012620996575774725,1.4328491486160606,1118
6,4,11:30,0.0032605178198499025,0.3573322626396535,1118
6,5,12:00,0.0012576534382092125,0.1423487256018187,1118
6,6,12:30,-0.012081585834954606,-1.4788376608019842,1118
6,7,13:00,0.00945857056230978,1.1037724552411614,1118
6,8,13:30,0.024100721972814168,2.9335367868114823,1118
6,9,14:00,0.004042008057074819,0.4373833225749461,1118
6,10,14:30,-0.0002852775303393442,-0.029261609719020722,1118
6,11,15:00,-0.004079232317829768,-0.5181473666056028,1118
6,12,15:30,0.006168895856338321,0.735413850907564,1118
6,13,16:00,0.005464345225851877,0.6589277716439389,1118
6,14,16:30,0.0020247473775580004,0.26459291873358604,1118
6,15,17:00,0.02023382996843181,2.245201525429908,1118
6,16,17:30,0.027838957721692516,3.093108631650181,1118
7,1,10:00,0.012568114788398798,1.4450677184195977,1117
7,2,10:30,-0.011488132282920359,-1.3465626096731105,1117
7,3,11:00,-0.006936843988036075,-0.7715749445880034,1117
7,4,11:30,0.006001726877840163,0.690628188856639,1117
7,5,12:00,0.020163965294871022,2.222372853513778,1117
7,6,12:30,-0.0035165384850773967,-0.3991733816091929,1117
7,7,13:00,-0.00480657643575325,-0.5992042943615161,1117
7,8,13:30,-0.0005231773689444681,-0.06640261443815915,1117
7,9,14:00,-0.0023225139308897347,-0.2191400114764036,1117
7,10,14:30,0.011201121661461519,1.2986110252377334,1117
7,11,15:00,-0.008918961073525395,-1.0332663424857162,1117
7,12,15:30,-0.004179263886535161,-0.5003989497000402,1117
7,13,16:00,-0.0018741284624139351,-0.21826054735369124,1117
7,14,16:30,0.005903237412381737,0.7373855403189511,1117
7,15,17:00,0.014091334293585375,1.6862236063676792,1117
7,16,17:30,0.013549429835440966,1.6176365831717532,1117
8,1,10:00,0.004937681281224282,0.6462088756840512,1116
8,2,10:30,0.003965932522805626,0.4522826644882585,1116
8,3,11:00,0.01829404730387893,2.1795690119543814,1116
8,4,11:30,0.0015021399094568484,0.19005662014590724,1116
8,5,12:00,0.0010547896982335307,0.12429363401097353,1116
8,6,12:30,-0.0006499921034288623,-0.06860188986367173,1116
8,7,13:00,0.005004247072266627,0.6089113096934271,1116
8,8,13:30,-0.009578341435251181,-1.28927648497345,1116
8,9,14:00,0.007225646353795713,0.7877002384857279,1116
8,10,14:30,0.013554398446589054,1.5119511070808755,1116
8,11,15:00,0.003498941594889676,0.38255483961586934,1116
8,12,15:30,-0.01037078578626246,-1.1363451121074988,1116
8,13,16:00,0.019944129387840834,2.0300938393288073,1116
8,14,16:30,0.007845267351659541,0.9881290174170066,1116
8,15,17:00,0.01608678524789243,2.0131513364124083,1116
8,16,17:30,0.011366972804798524,1.2990507771427922,1116
9,1,10:00,0.010128498764238752,1.2144723641568627,1115
9,2,10:30,-0.008218890388621482,-0.9816397451593787,1115
9,3,11:00,0.011367467811099721,1.2160132054025643,1115
9,4,11:30,-0.005910428744770944,-0.7525838128843206,1115
9,5,12:00,-0.021029000606964325,-2.478903484939648,1115
9,6,12:30,0.010957540664033202,1.4214643382874321,1115
9,7,13:00,0.004193900932428917,0.5247698418757865,1115
9,8,13:30,-0.000425199357558835,-0.04711643108236827,1115
9,9,14:00,0.018453270729468237,1.8495359522080923,1115
9,10,14:30,-0.002088550261928409,-0.24384847540708474,1115
9,11,15:00,0.007330345946902541,0.822860595093087,1115
9,12,15:30,-0.003194565625165531,-0.352685172970251,1115
9,13,16:00,0.014663771759597181,1.8004078745078618,1115
9,14,16:30,0.0014685644837098939,0.17810612769655798,1115
9,15,17:00,0.008940973142427502,1.0289143948533466,1115
9,16,17:30,0.010209073362199974,1.1853296190141853,1115
10,1,10:00,0.01773920455075081,2.327848412117216,1114
10,2,10:30,0.005744780390387355,0.6365394379126569,1114
10,3,11:00,0.007679824866002797,1.009734367504899,1114
10,4,11:30,0.0011044153176169827,0.13551439218281955,1114
10,5,12:00,-0.008537154094724915,-1.043347996395283,1114
10,6,12:30,0.0138384761312639,1.6091548155391397,1114
10,7,13:00,0.005867179101847195,0.641510666500116,1114
10,8,13:30,5.5000005737611404e-05,0.00699477261540907,1114
10,9,14:00,0.010984252998438216,1.0465842048806029,1114
10,10,14:30,-0.0011768126007968595,-0.13728280261369843,1114
10,11,15:00,-0.002921118322621299,-0.32179464486242415,1114
10,12,15:30,-0.0012080383592247771,-0.1380686055547638,1114
10,13,16:00,0.01366821172696996,1.4821426140730722,1114
10,14,16:30,0.006618698193912028,0.744266200448058,1114
10,15,17:00,0.005855063514283992,0.7115574880322569,1114
10,16,17:30,0.017551422854624663,2.0906679838718545,1114
11,1,10:00,-0.003317916937482918,-0.44371180390911036,1113
11,2,10:30,0.016982006882782473,1.9283480666261803,1113
11,3,11:00,-0.004869660766692537,-0.5829668771213501,1113
11,4,11:30,-0.00610464987933954,-0.7721464312559588,1113
11,5,12:00,0.0026224194138390446,0.2810112099850731,1113
11,6,12:30,0.0031593674253383875,0.380231787354486,1113
11,7,13:00,-0.0010491860495350951,-0.12232727345499508,1113
11,8,13:30,0.0016310948455262385,0.19141950974712646,1113
11,9,14:00,-0.0015569860581013252,-0.17457091733053648,1113
11,10,14:30,-0.001975636918611593,-0.22820496601748333,1113
11,11,15:00,-0.003720817741786281,-0.4397990142692024,1113
11,12,15:30,-0.0059200175165089065,-0.70482131199712,1113
11,13,16:00,0.015254693253838537,1.748185386712532,1113
11,14,16:30,0.004615494919674339,0.5527237830814686,1113
11,15,17:00,0.008106770861174596,0.8826342987637102,1113
11,16,17:30,0.025405093954571654,2.7793278725839365,1113
12,1,10:00,0.0067954679993168,0.7896662130612974,1112
12,2,10:30,-0.005268911454039197,-0.6018972243437045,1112
12,3,11:00,0.0021384517666552796,0.253727887154838,1112
12,4,11:30,0.00236959243634527,0.28856194902182253,1112
12,5,12:00,-0.009882652844126549,-1.185047346690374,1112
12,6,12:30,-0.004112882676052628,-0.49316396672261986,1112
12,7,13:00,0.0023427594593078975,0.2461726613923126,1112
12,8,13:30,0.012564246854067967,1.686729794431623,1112
12,9,14:00,-0.0036585634191976624,-0.410190909739785,1112
12,10,14:30,-0.0056148039505774594,-0.6623891333260024,1112
12,11,15:00,-0.018404702035000175,-2.2069802947400863,1112
12,12,15:30,0.0003820178402386699,0.024236730867579062,1112
12,13,16:00,0.007950318733727126,0.9436388494772109,1112
12,14,16:30,0.004914192324114038,0.5799846748509214,1112
12,15,17:00,-0.0028346943773081305,-0.3298259709418182,1112
12,16,17:30,0.019684422184816655,2.361365424913751,1112
13,1,10:00,0.012564116963084392,1.3961434328316003,1111
13,2,10:30,0.008476652863787994,1.102939250704981,1111
13,3,11:00,-0.00958370507441031,-1.2118755159057655,1111
13,4,11:30,-0.0006600995185644991,-0.08893982002541198,1111
13,5,12:00,-0.00768912666080925,-0.9198308428734998,1111
13,6,12:30,6.80950720307516e-05,0.008256142348187936,1111
13,7,13:00,-0.011166951919833506,-1.358333296764791,1111
13,8,13:30,-0.0038596223612849838,-0.47760568791321667,1111
13,9,14:00,-0.0018106008067082949,-0.19665171675718232,1111
13,10,14:30,-0.00024018813551198554,-0.02854460967923,1111
13,11,15:00,0.004930940094553115,0.6611009456669855,1111
13,12,15:30,0.014187369391422771,1.7143087572567421,1111
13,13,16:00,0.0017028156618636963,0.2008014353049052,1111
13,14,16:30,0.005493852771157717,0.7061417612174491,1111
13,15,17:00,-0.003000316936624793,-0.32645941033573167,1111
13,16,17:30,0.0149189844135637,1.9184400202040914,1111
14,1,10:00,0.015631077206289208,1.643899240862768,1110
14,2,10:30,0.005587163624449576,0.6570654469707297,1110
14,3,11:00,0.0011084282249975953,0.13135770306915684,1110
14,4,11:30,0.003563857508534971,0.4088609244249717,1110
14,5,12:00,0.01015076692840957,1.2791793904980624,1110
14,6,12:30,0.0038556320670774134,0.4668399250122292,1110
14,7,13:00,0.00047619722618591937,0.05522768808135747,1110
14,8,13:30,0.0009889847281168607,0.12638235982441517,1110
14,9,14:00,-0.004797222371254107,-0.4235773616445311,1110
14,10,14:30,0.01934323641615641,2.193484854138458,1110
14,11,15:00,0.012898314802707611,1.4943538804684293,1110
14,12,15:30,0.0010509571071964105,0.13634304615529058,1110
14,13,16:00,0.009963251442432286,1.2612971456608641,1110
14,14,16:30,0.014886570422880807,1.897011811619087,1110
14,15,17:00,0.007238657031383532,0.8694219139534126,1110
14,16,17:30,0.017706873396439844,2.1355242880352265,1110
15,1,10:00,-0.0006795779373064766,-0.07360513208119963,1109
15,2,10:30,0.004343984490639321,0.4862765703888115,1109
15,3,11:00,-0.006015419449322166,-0.719472631077348,1109
15,4,11:30,0.00045836340277283927,0.05533316805714652,1109
15,5,12:00,-0.0002104672356959439,-0.024809970726826953,1109
15,6,12:30,0.010706872176997978,1.0947864919387695,1109
15,7,13:00,0.00174860778290938,0.19883028333658587,1109
15,8,13:30,-0.0013803180563294265,-0.15786623151688134,1109
15,9,14:00,-0.0026178748578994998,-0.2733330983321716,1109
15,10,14:30,0.0012546672927321245,0.14828251332184358,1109
15,11,15:00,0.006055602496658889,0.7671224297052351,1109
15,12,15:30,0.002676366025300931,0.2886922992592093,1109
15,13,16:00,0.00756784557661708,0.9448057840369859,1109
15,14,16:30,0.0007429247494889487,0.08115783922306326,1109
15,15,17:00,0.002010145704970247,0.24127315398334478,1109
15,16,17:30,0.017537351000334364,1.8391628715139308,1109
16,1,10:00,0.014510888193864776,1.5031831805436593,1108
16,2,10:30,0.0037775038814620177,0.45268257112480226,1108
16,3,11:00,-0.007955233598046927,-0.8662448909216272,1108
16,4,11:30,0.005220851633517288,0.6225691891837848,1108
16,5,12:00,0.022770736051201498,2.791328294318296,1108
16,6,12:30,0.0008461137275268954,0.08861441435832379,1108
16,7,13:00,0.019041721910496807,2.2720655714897044,1108
16,8,13:30,0.00037520265516666646,0.044722884344878325,1108
16,9,14:00,0.002157647899497804,0.23847624637753778,1108
16,10,14:30,-0.012048360271073984,-1.3628298980470086,1108
16,11,15:00,-0.006767892049352655,-0.7046682294670323,1108
16,12,15:30,0.007549337161842203,0.8918510715001451,1108
16,13,16:00,-0.024885029944645556,-2.7840001386003093,1108
16,14,16:30,0.020610354046966983,2.2752724043032817,1108
16,15,17:00,0.007571193892393612,0.9686689036657116,1108
16,16,17:30,-0.005277542033611545,-0.6180878529328336,1108
17,1,10:00,0.008236831649684001,0.9330600207773492,1107
17,2,10:30,-0.0013202583963420526,-0.1662260658369968,1107
17,3,11:00,-0.006171265890359999,-0.7527836029395546,1107
17,4,11:30,-0.0014807972606672671,-0.17170380370321747,1107
17,5,12:00,0.001263148702892008,0.13109921927333373,1107
17,6,12:30,-0.010196931807137172,-1.1031628703507559,1107
17,7,13:00,-0.005633953734465285,-0.5875334626026861,1107
17,8,13:30,-0.003696541459593604,-0.4476384136111951,1107
17,9,14:00,0.004136028073734626,0.439318826112421,1107
17,10,14:30,-0.014921602439877576,-1.6330995342765995,1107
17,11,15:00,0.0010724856307791374,0.13815821272755857,1107
17,12,15:30,-0.00565237777016613,-0.6464385690769202,1107
17,13,16:00,-0.001993068196405185,-0.24369169832793164,1107
17,14,16:30,0.008259325343433762,0.97018369149178,1107
17,15,17:00,-0.0031730297104502116,-0.3956216907218287,1107
17,16,17:30,0.019062834661078075,2.169678126757497,1107
18,1,10:00,-0.00037285176043743156,-0.04015797519329291,1106
18,2,10:30,0.004066400083506379,0.4883978895906749,1106
18,3,11:00,-0.005129330125953644,-0.6057269355902362,1106
18,4,11:30,0.0027813437722127867,0.33805551775580067,1106
18,5,12:00,-0.007412807294912465,-0.8036665413317284,1106
18,6,12:30,0.003160004841546031,0.36277408627054253,1106
18,7,13:00,-0.001955065188543399,-0.2403328238583516,1106
18,8,13:30,0.003996267386060273,0.4935383870194681,1106
18,9,14:00,-0.0062457666007035735,-0.7269932199397741,1106
18,10,14:30,0.022663296945503956,2.7050525526886045,1106
18,11,15:00,-0.016174922656441982,-1.8700807639035237,1106
18,12,15:30,0.007082983686816233,0.7973798662473418,1106
18,13,16:00,0.010363124608522865,1.1541390958693003,1106
18,14,16:30,0.01899574819589594,1.7072373948862847,1106
18,15,17:00,0.011327587550076167,1.41068278978352,1106
18,16,17:30,0.02027372754750422,2.3948857977889015,1106
19,1,10:00,0.015356761367276673,1.7357419568862624,1105
19,2,10:30,-0.0023918377341729715,-0.2761585745624308,1105
19,3,11:00,-0.008284500026996081,-0.9302354117714231,1105
19,4,11:30,0.004405331051356257,0.5174073529962399,1105
19,5,12:00,0.006456162877367617,0.7847117305083526,1105
19,6,12:30,-0.0011458601133447143,-0.13314174089689587,1105
19,7,13:00,-0.0014757939117121116,-0.16528374352292144,1105
19,8,13:30,0.010408476851831041,1.2835394496157082,1105
19,9,14:00,0.00045391382679981325,0.05005075238689726,1105
19,10,14:30,0.0018219524489793543,0.2016964112129736,1105
19,11,15:00,-0.00974547952556755,-1.2042396170989293,1105
19,12,15:30,0.003791333467729995,0.45496583276230285,1105
19,13,16:00,0.008636680881622042,0.9518042118852784,1105
19,14,16:30,0.008463328548993114,0.9618342140614852,1105
19,15,17:00,0.011188577676534682,1.4580605846888692,1105
19,16,17:30,0.0071760362780230146,0.8296143854922101,1105
20,1,10:00,0.00392144266926658,0.417018841968254,1104
20,2,10:30,0.010228208125217287,1.2043165954195876,1104
20,3,11:00,-0.0014741066791111492,-0.16353765596375747,1104
20,4,11:30,-0.0035010694412652425,-0.45402158113811136,1104
20,5,12:00,-0.008596695842323391,-0.9306095386548559,1104
20,6,12:30,0.007307661623593533,0.9269360343893883,1104
20,7,13:00,-0.00702919939157011,-0.8374514314175605,1104
20,8,13:30,-0.0017180682466877292,-0.21019586045521374,1104
20,9,14:00,0.0012089386219803586,0.11623780240761372,1104
20,10,14:30,-0.0012711818245882511,-0.15732766001224122,1104
20,11,15:00,-0.008315257524114338,-1.001431589169406,1104
20,12,15:30,0.001155011144799939,0.11356507561873491,1104
20,13,16:00,0.00950991828223868,1.1663248941283801,1104
20,14,16:30,0.008587325994220168,1.0647693811094712,1104
20,15,17:00,0.01225693409910487,1.5537892052471936,1104
20,16,17:30,0.006542162710809651,0.7637204916531816,1104
21,1,10:00,0.0034389877942967773,0.40547349548266765,1103
21,2,10:30,-0.006697933905858763,-0.7851811172782913,1103
21,3,11:00,-0.007194019524180291,-0.7263377635153231,1103
21,4,11:30,0.006573627730578433,0.8808861167477298,1103
21,5,12:00,0.006840809726649114,0.7951522813048689,1103
21,6,12:30,-0.016605322148396554,-1.859718241366441,1103
21,7,13:00,0.007385525086910381,0.7813100422058445,1103
21,8,13:30,0.007703388406958313,0.9527355217348585,1103
21,9,14:00,0.0020617818837651023,0.1918506828856062,1103
21,10,14:30,-0.0036403482746960158,-0.4397061597869849,1103
21,11,15:00,0.0003016623455815877,0.03502116405233674,1103
21,12,15:30,-0.0011634621876806886,-0.1434776172234633,1103
21,13,16:00,-0.01201077276439287,-1.4879241670346737,1103
21,14,16:30,0.0066767371249133785,0.8097199343252387,1103
21,15,17:00,-0.01801209681010084,-2.6378178363750573,1103
21,16,17:30,0.01314625021280079,1.6304223940559825,1103
22,1,10:00,0.014284232374875134,1.6270685244223102,1102
22,2,10:30,0.003891393640497381,0.41973471965557757,1102
22,3,11:00,0.006576940651794669,0.6870851081283849,1102
22,4,11:30,0.000764230932662237,0.09524093450490861,1102
22,5,12:00,0.00728472386919306,0.8501410174153465,1102
22,6,12:30,0.01395160032869501,1.560311009491157,1102
22,7,13:00,-0.019886961105083034,-2.410601108883829,1102
22,8,13:30,-0.010550745879202857,-1.3614284023137688,1102
22,9,14:00,0.0016320660786909476,0.16810732869981407,1102
22,10,14:30,0.007897283504366413,0.9792095563745199,1102
22,11,15:00,-0.00014070388892622204,-0.016239511702003,1102
22,12,15:30,-0.002843337472049525,-0.3031107527524659,1102
22,13,16:00,-0.005007161590488593,-0.6145183837001786,1102
22,14,16:30,0.012917476734179714,1.4609276734129224,1102
22,15,17:00,0.027536278980204883,3.3930091122542954,1102
22,16,17:30,0.0195877756969996,2.2158648549477196,1102
23,1,10:00,0.00729977682879154,0.8202276471161627,1101
23,2,10:30,0.006642986622700329,0.7910237233692526,1101
23,3,11:00,0.0009077002996963539,0.10595566533265885,1101
23,4,11:30,0.00216981035736835,0.267263016289227,1101
23,5,12:00,0.00891817866359159,0.8803970205489852,1101
23,6,12:30,-0.0006908825836877014,-0.07967848264879016,1101
23,7,13:00,-0.007596934066536278,-0.8353195638291627,1101
23,8,13:30,0.002260500677972925,0.3019453363494437,1101
23,9,14:00,0.009549518272031678,1.0276390566804168,1101
23,10,14:30,0.0013372459060145292,0.15570055768479416,1101
23,11,15:00,0.000738181811444711,0.09073053371720213,1101
23,12,15:30,0.010608250425928702,1.2307295926804935,1101
23,13,16:00,0.014236530085969585,1.677237320901041,1101
23,14,16:30,0.012817959415312021,1.7065076955400764,1101
23,15,17:00,0.01798484950979505,2.181099130577655,1101
23,16,17:30,0.013462816219447503,1.2234361339497446,1101
24,1,10:00,0.007092045842325093,0.7355443001411924,1100
24,2,10:30,0.00562692916102247,0.6656429934004028,1100
24,3,11:00,-0.0035623389258371985,-0.420658812505301,1100
24,4,11:30,0.0008916164248878918,0.11497187182168785,1100
24,5,12:00,0.0007219191256642622,0.08247742918252438,1100
24,6,12:30,0.002423780614632563,0.30334765237449535,1100
24,7,13:00,0.0009795811329569085,0.12037267002314696,1100
24,8,13:30,0.0028862115700161286,0.3253725587067512,1100
24,9,14:00,-0.006975059066618474,-0.6874772316439535,1100
24,10,14:30,0.012663329325404014,1.3695005137874392,1100
24,11,15:00,0.0036093438908355413,0.38180284518006313,1100
24,12,15:30,0.0009548184219822038,0.11255737172882684,1100
24,13,16:00,-0.00476852874443887,-0.5762107530236266,1100
24,14,16:30,-0.010627777799079951,-1.2693772890988961,1100
24,15,17:00,0.004730679559811579,0.5712565185515515,1100
24,16,17:30,0.0036520662317727133,0.48625187387215546,1100
25,1,10:00,-0.0002776077881299229,-0.03093685252849311,1099
25,2,10:30,-0.006335806948944611,-0.7467060954636155,1099
25,3,11:00,-0.005140266163015137,-0.5443787361083605,1099
25,4,11:30,0.0007038033241295493,0.08745083255823655,1099
25,5,12:00,0.0019017149517201407,0.19877218958868392,1099
25,6,12:30,-0.011471203706676644,-1.37199343610025,1099
25,7,13:00,0.01214722168270145,1.4105667415970509,1099
25,8,13:30,-0.002158878210260402,-0.2538427925796001,1099
25,9,14:00,-0.01464934171136463,-1.5952565237403937,1099
25,10,14:30,0.021570457360892022,2.3654783595286957,1099
25,11,15:00,0.0010916486260325675,0.12570769415854902,1099
25,12,15:30,0.003723845937811358,0.42013614890765055,1099
25,13,16:00,-0.002083998066839641,-0.24308233777625332,1099
25,14,16:30,0.011548007622482917,1.3031980811964357,1099
25,15,17:00,0.0029263454956999987,0.38244648916206175,1099
25,16,17:30,0.012803810065185921,1.5102400446364792,1099
26,1,10:00,0.003869706835542607,0.4446193461608398,1098
26,2,10:30,0.012411347342306171,1.5050519206049626,1098
26,3,11:00,0.002117249919926099,0.22801381560380524,1098
26,4,11:30,-0.0011589287132465452,-0.12541978774247373,1098
26,5,12:00,-0.006361447758154753,-0.7509877132476499,1098
26,6,12:30,0.003204855774201328,0.36037123300625923,1098
26,7,13:00,-0.003066037254634249,-0.34595723025307606,1098
26,8,13:30,-0.0108489248022462,-1.4131326596905136,1098
26,9,14:00,0.005015390456539682,0.573330288790965,1098
26,10,14:30,0.019058498019366047,2.12824556328796,1098
26,11,15:00,-0.014639745346619876,-1.7080788487774674,1098
26,12,15:30,-0.006558404323691571,-0.733352928444625,1098
26,13,16:00,-0.0045817789007466915,-0.5543555870668142,1098
26,14,16:30,0.014949252060046003,1.6891031307088185,1098
26,15,17:00,0.003927887335901449,0.5296001463820156,1098
26,16,17:30,0.010053942414382264,1.1742218077837152,1098
27,1,10:00,0.0003997446061934194,0.04393009080369883,1097
27,2,10:30,0.010621470015182412,1.196265284603097,1097
27,3,11:00,-0.017613563488749946,-2.121374970811286,1097
27,4,11:30,0.016081275500172503,1.9659562722571688,1097
27,5,12:00,-0.015988284607913458,-1.8151180938572373,1097
27,6,12:30,0.02130194008557214,2.4080799253735488,1097
27,7,13:00,0.002723786854552762,0.321224298006054,1097
27,8,13:30,0.009416186888079811,0.9867707643233451,1097
27,9,14:00,0.009084284941287145,0.8412035852301539,1097
27,10,14:30,0.0025405827966534537,0.33242149729758097,1097
27,11,15:00,-0.006845386599557442,-0.7534170289603489,1097
27,12,15:30,0.016388784710293505,1.87936069663997,1097
27,13,16:00,-0.0047290926854227965,-0.5685187801375715,1097
27,14,16:30,0.007626105960923725,0.9304115927087889,1097
27,15,17:00,0.005700455819995134,0.6971303781306339,1097
27,16,17:30,0.027272311709914426,3.061610561893363,1097
28,1,10:00,0.00641185394253866,0.7996247197993724,1096
28,2,10:30,-0.0016389611003922793,-0.1944716961598709,1096
28,3,11:00,0.009368805952258181,1.0891391424197236,1096
28,4,11:30,0.005226144681100651,0.6843587707191235,1096
28,5,12:00,-0.0015886604123525998,-0.1770093654757502,1096
28,6,12:30,0.004735451352213683,0.550294891085748,1096
28,7,13:00,-0.009857397236027104,-1.1606434916081723,1096
28,8,13:30,-0.002857103931703024,-0.34660334207082577,1096
28,9,14:00,0.004028320997707499,0.4371148968265322,1096
28,10,14:30,-0.002577926146503518,-0.2811283130198419,1096
28,11,15:00,0.004552796357802602,0.47225940176939246,1096
28,12,15:30,0.009848029985694482,1.127783634877106,1096
28,13,16:00,-0.003753470169945408,-0.39106319523466937,1096
28,14,16:30,-0.0020024547644955848,-0.24738278877440714,1096
28,15,17:00,0.013065824003919573,1.5536366849493288,1096
28,16,17:30,0.015964470828207174,1.8675388399869806,1096
29,1,10:00,0.019684970895732172,2.271596699690214,1095
29,2,10:30,-0.0011550485662779086,-0.1359720317432955,1095
29,3,11:00,0.008173702080798996,0.9927702588998482,1095
29,4,11:30,0.0019941839807045506,0.22865059299958182,1095
29,5,12:00,0.010334814569458877,1.0224600875534262,1095
29,6,12:30,0.0036382099152021128,0.39966014930570165,1095
29,7,13:00,0.016076486934267817,1.88933629135719,1095
29,8,13:30,0.009138326868913476,1.270801117020234,1095
29,9,14:00,-0.0005839716081238685,-0.05828196326756571,1095
29,10,14:30,0.004487419946191742,0.4939598027469426,1095
29,11,15:00,-0.009096725698320336,-0.9839997588247256,1095
29,12,15:30,0.0062029247974613394,0.7713521926088877,1095
29,13,16:00,-0.005430364505305359,-0.5775699206376594,1095
29,14,16:30,6.203242255507321e-05,0.008093003422419458,1095
29,15,17:00,0.0012951164560507324,0.15408584806722594,1095
29,16,17:30,0.010508533638594155,1.1080520515383216,1095
30,1,10:00,-0.002561533870098499,-0.2795507698868239,1094
30,2,10:30,0.00961268125016607,1.0749603159628005,1094
30,3,11:00,-0.012240543025954122,-1.275429406142883,1094
30,4,11:30,0.005492423683175504,0.6344672012778364,1094
30,5,12:00,-0.012073336512590788,-1.3098548373830092,1094
30,6,12:30,-0.008173963200812233,-0.9260919709283912,1094
30,7,13:00,-0.010200869112696133,-1.2053224363685218,1094
30,8,13:30,0.0029426055968703145,0.35493772112837907,1094
30,9,14:00,0.006275219678281264,0.666625732749411,1094
30,10,14:30,-0.014528052918705625,-1.70885939268788,1094
30,11,15:00,-0.011245846102611262,-1.3258575668663024,1094
30,12,15:30,-0.0022850219601704873,-0.27113612478059324,1094
30,13,16:00,-0.01313455946664265,-1.5166754142642191,1094
30,14,16:30,0.014825712550158958,1.873975463699386,1094
30,15,17:00,0.01325145635638665,1.5651671777084497,1094
30,16,17:30,0.02237363474529419,2.92163939306489,1094
31,1,10:00,0.008455364411399876,1.0318282796153317,1093
31,2,10:30,0.005792212511652094,0.6554115816497476,1093
31,3,11:00,0.006176200091491707,0.7709553537339364,1093
31,4,11:30,0.00915241268851269,1.108138063518042,1093
31,5,12:00,0.00301584676278623,0.3373450225690474,1093
31,6,12:30,-0.009504660835288479,-1.0312197625556108,1093
31,7,13:00,0.0021409190379885175,0.27373946815432343,1093
31,8,13:30,0.007874416190043263,0.9968120127303536,1093
31,9,14:00,-0.0056784207719526945,-0.7151052127155069,1093
31,10,14:30,0.004058533345748965,0.45245499199439976,1093
31,11,15:00,-6.329354422267409e-05,-0.0071718842273306655,1093
31,12,15:30,0.0004353974159064181,0.04442053883117736,1093
31,13,16:00,0.0011811706683540776,0.14531826066455045,1093
31,14,16:30,-0.005234054030164101,-0.6610668200156027,1093
31,15,17:00,0.010823124656965987,1.2960779062691308,1093
31,16,17:30,0.017169586121223743,2.091777242032026,1093
32,1,10:00,-0.004172015812617344,-0.49879785801836346,1092
32,2,10:30,-0.0006957432155229502,-0.07509405408689165,1092
32,3,11:00,0.007915874796893523,0.8127007891416781,1092
32,4,11:30,-0.0037025784271942845,-0.43312141960965295,1092
32,5,12:00,0.004768602460340086,0.5383920567295662,1092
32,6,12:30,0.00714768130197105,0.7570842831276132,1092
32,7,13:00,0.009069792585031808,1.1517784841351995,1092
32,8,13:30,0.003999301189452181,0.4696104448909541,1092
32,9,14:00,0.005219199680293156,0.4977994386541815,1092
32,10,14:30,-0.016342628226658145,-1.9039653464755348,1092
32,11,15:00,-0.0019033722690922174,-0.21216763362866992,1092
32,12,15:30,-0.0014052544815366782,-0.15065964249992805,1092
32,13,16:00,0.003975826966237378,0.4717566515307625,1092
32,14,16:30,0.0095310602854363,1.1418355018339825,1092
32,15,17:00,0.012143590102182127,1.3770264967926682,1092
32,16,17:30,0.017233861905472353,1.9001727348345712,1092
33,1,10:00,0.01347635490747843,1.501232558959571,1091
33,2,10:30,-0.005318338222416412,-0.6629249079056263,1091
33,3,11:00,-0.004710568339382045,-0.5647077210939261,1091
33,4,11:30,0.0010830102808479392,0.12029499399288685,1091
33,5,12:00,0.019018816860298663,2.090245143164984,1091
33,6,12:30,0.007859312738365945,0.8793585712932466,1091
33,7,13:00,-0.005363845061166938,-0.6758357327276925,1091
33,8,13:30,0.0025154207368914597,0.30195128162999085,1091
33,9,14:00,0.0029515025945157647,0.2799117513843771,1091
33,10,14:30,0.011606462737321787,1.3493427352509377,1091
33,11,15:00,-0.007690635205659014,-0.8738055825714599,1091
33,12,15:30,-0.00629464493344779,-0.7289098323646204,1091
33,13,16:00,0.009658131751733018,1.0960894847277607,1091
33,14,16:30,0.0214329337281596,2.8138523189490687,1091
33,15,17:00,0.003924601381392079,0.5121715188421955,1091
33,16,17:30,0.022997003909710993,2.9689412772640944,1091
34,1,10:00,0.023559281233013204,2.6862265064413315,1090
34,2,10:30,0.008886513613605544,0.9749574750950544,1090
34,3,11:00,-0.004878940896639854,-0.5817386065855341,1090
34,4,11:30,-0.0022575150850752098,-0.27152453333397863,1090
34,5,12:00,0.011225257235930625,1.2257637759457494,1090
34,6,12:30,-0.004313380011300407,-0.5336986001807327,1090
34,7,13:00,-0.006505834312646271,-0.82436222198729,1090
34,8,13:30,0.0002832557901906875,0.03405597325385143,1090
34,9,14:00,0.01286585431174945,1.3098008539154,1090
34,10,14:30,0.012985508275670955,1.4402830150950003,1090
34,11,15:00,-0.0029583850626931363,-0.3601587964255589,1090
34,12,15:30,-0.004127830443725329,-0.3980197954997021,1090
34,13,16:00,0.001721067422509764,0.19102584577400597,1090
34,14,16:30,-0.002109813524481145,-0.26808002004750875,1090
34,15,17:00,-0.008702888152678572,-1.0956110089218836,1090
34,16,17:30,0.006823081114599392,0.7843019733952912,1090
35,1,10:00,0.005882524601857287,0.7635970767939696,1089
35,2,10:30,-0.0040512222924058055,-0.5039380674789823,1089
35,3,11:00,0.0016110003671647056,0.18551539177955914,1089
35,4,11:30,-0.002874028390841021,-0.34115239328166447,1089
35,5,12:00,-0.010977102327435725,-1.2897840760202601,1089
35,6,12:30,-0.005579664885747268,-0.5965761708291649,1089
35,7,13:00,-0.0023556890027975792,-0.27852750359963796,1089
35,8,13:30,-0.00014202253761132037,-0.01597974029877289,1089
35,9,14:00,-0.0063247344752536735,-0.6824353413982472,1089
35,10,14:30,-0.002113613442024321,-0.2483514191108442,1089
35,11,15:00,-0.0049829712286090936,-0.6224068755835059,1089
35,12,15:30,-0.01275178829357897,-1.3142174514972944,1089
35,13,16:00,-0.0005034329301758344,-0.0582875654227273,1089
35,14,16:30,0.022787164637569617,2.6555983977659903,1089
35,15,17:00,0.006326243795026122,0.8130239403749665,1089
35,16,17:30,0.01987851784354055,2.3894673461154174,1089
36,1,10:00,0.005686348482016536,0.6436132126083266,1088
36,2,10:30,0.008269308586759979,0.91711311264036,1088
36,3,11:00,0.0012025592536954112,0.13448364770780274,1088
36,4,11:30,-0.012191731499204207,-1.4757552327229884,1088
36,5,12:00,-8.128472934721017e-06,-0.0008993275515253113,1088
36,6,12:30,-0.008512214826280787,-1.1076759451550486,1088
36,7,13:00,-0.007377616012663738,-0.905438208573791,1088
36,8,13:30,0.002386917417886981,0.3001169445795412,1088
36,9,14:00,0.006163393097452573,0.5712654823251354,1088
36,10,14:30,0.010721381077970328,1.2830826353187217,1088
36,11,15:00,0.005549013618918573,0.6411526375946898,1088
36,12,15:30,0.003933128981452266,0.44457205621865886,1088
36,13,16:00,0.004524699933256674,0.5362210872947857,1088
36,14,16:30,0.023211619574451156,2.6953285374624203,1088
36,15,17:00,-0.0030679618699721266,-0.35696059791689827,1088
36,16,17:30,0.02378449654751337,2.941374406928746,1088
37,1,10:00,-0.0014976178963529993,-0.18039042593001814,1087
37,2,10:30,0.011831599880714356,1.3073388556320225,1087
37,3,11:00,-0.006619654907245638,-0.8249616088720747,1087
37,4,11:30,0.007145601845478784,0.9786891376901348,1087
37,5,12:00,-0.00994468827316934,-1.0756998081949212,1087
37,6,12:30,0.009666546380615175,1.055627764791516,1087
37,7,13:00,0.011401285688965838,1.280574668944623,1087
37,8,13:30,0.016412567065891975,2.086829364547062,1087
37,9,14:00,-0.0031821481806366893,-0.33283828100116836,1087
37,10,14:30,0.0035079339792946133,0.36678507144297984,1087
37,11,15:00,0.013201773551209146,1.6310518519543513,1087
37,12,15:30,-0.004578409044872438,-0.5764872398518741,1087
37,13,16:00,0.013252720236127084,1.4950386937664122,1087
37,14,16:30,0.0039351276515904535,0.4955821061046105,1087
37,15,17:00,0.002133654235454979,0.24705055087716923,1087
37,16,17:30,0.01444696431817257,1.6175265293914487,1087
38,1,10:00,-0.0006609985392627649,-0.07906135886765123,1086
38,2,10:30,-0.009112041803523634,-1.0603025444110847,1086
38,3,11:00,-8.529846644023631e-05,-0.010568818238577,1086
38,4,11:30,0.018213662833037745,2.284006820178695,1086
38,5,12:00,-0.012152545709068084,-1.3693143311681077,1086
38,6,12:30,0.008388541235160103,0.9318405131830493,1086
38,7,13:00,-0.002281281930961591,-0.25653457514667366,1086
38,8,13:30,0.009662540046649959,1.1117521701347217,1086
38,9,14:00,-0.0014503142051803695,-0.16197745787821083,1086
38,10,14:30,0.001851808309737212,0.1956965279985711,1086
38,11,15:00,-0.003772660532606734,-0.4154112686227362,1086
38,12,15:30,-0.002152929710034176,-0.26409919327331655,1086
38,13,16:00,-0.0038395487718181744,-0.4548010945732146,1086
38,14,16:30,0.006251648319369454,0.6527286743007207,1086
38,15,17:00,0.004047396789650502,0.4808924136802816,1086
38,16,17:30,0.014166199444936009,1.5843521951269381,1086
39,1,10:00,0.024912339220130142,3.0075037972776473,1085
39,2,10:30,-0.001216230333885185,-0.12785198741027626,1085
39,3,11:00,-0.0075531809455411155,-0.925098011214208,1085
39,4,11:30,-0.009153818931735157,-1.174229256120131,1085
39,5,12:00,-0.008302146386629766,-0.9231522405086535,1085
39,6,12:30,-0.010010879747733287,-1.16770728670609,1085
39,7,13:00,0.0032739953268641573,0.346844095197028,1085
39,8,13:30,0.006923425242329036,0.8729773600881338,1085
39,9,14:00,-0.020188679363731882,-2.1346119512970865,1085
39,10,14:30,0.01060573481293651,1.1275243164465143,1085
39,11,15:00,0.005297071431166716,0.6741950782688692,1085
39,12,15:30,0.0011740712117183842,0.14303681772510668,1085
39,13,16:00,0.01661991768983383,1.628997485954334,1085
39,14,16:30,0.016736168213440185,1.7826184737448565,1085
39,15,17:00,-9.716780444173815e-06,-0.0012845062326436226,1085
39,16,17:30,0.020565043406110445,2.6216330407678434,1085
40,1,10:00,0.030361560827745132,3.6577333566965122,1084
40,2,10:30,0.0003910613536693905,0.04518387555350606,1084
40,3,11:00,-0.00811370496127333,-0.9743352085337225,1084
40,4,11:30,0.0053010317643194275,0.6667298990770226,1084
40,5,12:00,0.005723777232282681,0.6496504851703266,1084
40,6,12:30,0.01489663915766104,1.7735657489925485,1084
40,7,13:00,0.001547097884575354,0.16523957672220668,1084
40,8,13:30,-0.005510063760495787,-0.6969666687813024,1084
40,9,14:00,0.006833504734013214,0.7146626439465498,1084
40,10,14:30,0.005131035110548475,0.5980575952395244,1084
40,11,15:00,-0.002097706890188291,-0.24663633559486722,1084
40,12,15:30,-0.002723695750714424,-0.3152833665132601,1084
40,13,16:00,0.0020449646175925056,0.2383793080430253,1084
40,14,16:30,-0.0027013577632418045,-0.32421919784082043,1084
40,15,17:00,-0.0038032196534359608,-0.4640572443190947,1084
40,16,17:30,0.02213835679309428,3.0794906218617335,1084
