interval_idx,mean,std,count,sharpe,strategy
1,-0.0012258027779112183,0.007810028275178043,1116,-2.4915423036861846,Periodicity (K=5)
2,-0.0011181946988308975,0.004590128471822959,1116,-3.86716638798004,Periodicity (K=5)
3,-0.0007715309226443768,0.004134022498658005,1116,-2.9626528894449087,Periodicity (K=5)
4,-0.000968881008222207,0.0033455328642549506,1116,-4.597327185438411,Periodicity (K=5)
5,-0.0010553936866608082,0.0030968505603044647,1116,-5.409965723171869,Periodicity (K=5)
6,-0.0011166127167665425,0.002507990577396841,1116,-7.067681001583803,Periodicity (K=5)
7,-0.0009590609722221298,0.0026184547377966485,1116,-5.814353300869561,Periodicity (K=5)
8,-0.0009483624650646271,0.002415813526110084,1116,-6.23176716627469,Periodicity (K=5)
9,-0.001066319671760676,0.003119772891726068,1116,-5.42581162312854,Periodicity (K=5)
10,-0.0010493353217205744,0.002792707370919849,1116,-5.964707220164257,Periodicity (K=5)
11,-0.0010822529311466374,0.0027784156351264126,1116,-6.183463860376169,Periodicity (K=5)
12,-0.0011244714561256524,0.0029424098127079678,1116,-6.066602584963092,Periodicity (K=5)
13,-0.0008237708346208754,0.0029780616184745265,1116,-4.391096716456868,Periodicity (K=5)
14,-0.0009235899753926215,0.003266789928161885,1116,-4.488056058730538,Periodicity (K=5)
15,-0.0009604250532405614,0.0032979138046267255,1116,-4.623005926156587,Periodicity (K=5)
16,-0.0004438546111084832,0.003922342343652289,1116,-1.7963688271567706,Periodicity (K=5)
1,-0.0011513313880508705,0.007865801839116893,1116,-2.323579915977696,Periodicity (K=10)
2,-0.0011291012856660893,0.004743519294732693,1116,-3.7786137522741274,Periodicity (K=10)
3,-0.0007513742444712599,0.004129534051771488,1116,-2.8883879403641846,Periodicity (K=10)
4,-0.0009559252523057305,0.0032742647850035507,1116,-4.6345802596381525,Periodicity (K=10)
5,-0.0010251226237013118,0.003053303871590827,1116,-5.329740451113245,Periodicity (K=10)
6,-0.0011934364984386198,0.0025865431100763497,1116,-7.324531730669144,Periodicity (K=10)
7,-0.0009409268131321482,0.0026499733147914155,1116,-5.636566230078038,Periodicity (K=10)
8,-0.0009699387588411489,0.0024447127103023564,1116,-6.298204444330675,Periodicity (K=10)
9,-0.0010023689229603052,0.003106312128777101,1116,-5.1225094880661874,Periodicity (K=10)
10,-0.0010158602217340495,0.0028362647365211403,1116,-5.685746070674375,Periodicity (K=10)
11,-0.0010088339391771167,0.002796606261898303,1116,-5.726491612900579,Periodicity (K=10)
12,-0.0011487523305219762,0.0029334906646801494,1116,-6.216443136146973,Periodicity (K=10)
13,-0.0008289984730451288,0.0029287180807916874,1116,-4.493413984735868,Periodicity (K=10)
14,-0.0009081054411327963,0.003150086165492197,1116,-4.5762960793548535,Periodicity (K=10)
15,-0.0009532918832402662,0.003403477097556766,1116,-4.446346799373049,Periodicity (K=10)
16,-0.00038740435020596177,0.0037976104517298704,1116,-1.6194008003153515,Periodicity (K=10)
1,-5.863111730697924e-05,0.007504098696415509,1116,-0.12403090238529518,Short-Term Reversal
2,-0.0012163927055945406,0.005090939852152907,1116,-3.7929412121046986,Short-Term Reversal
3,-0.0013200768891333706,0.004766278082488589,1116,-4.396632046664528,Short-Term Reversal
4,-0.0010974943455298383,0.0037328020971330355,1116,-4.66732019755623,Short-Term Reversal
5,-0.001201786851702421,0.003374072432976315,1116,-5.654228001928946,Short-Term Reversal
6,-0.0011924634953869077,0.002927989559000676,1116,-6.465108825169511,Short-Term Reversal
7,-0.0011441305944196753,0.002792352386746358,1116,-6.504376097908152,Short-Term Reversal
8,-0.0011597454614086773,0.0029179915767070493,1116,-6.309267167561671,Short-Term Reversal
9,-0.001138472526755707,0.003709681767883035,1116,-4.871763189531733,Short-Term Reversal
10,-0.0010585271045200346,0.0032847391533088,1116,-5.115656392551304,Short-Term Reversal
11,-0.0010415441114829292,0.0032535135406391593,1116,-5.081890695828254,Short-Term Reversal
12,-0.0011398683339932398,0.0034357876289423947,1116,-5.266579541236579,Short-Term Reversal
13,-0.0009439834609301338,0.0032787443698928088,1116,-4.570430379958245,Short-Term Reversal
14,-0.0012506789335731,0.003640736660491017,1116,-5.453267956670536,Short-Term Reversal
15,-0.0009590814155189077,0.0037684061473157665,1116,-4.040155142514488,Short-Term Reversal
16,-0.0012020387716072764,0.00452357021763119,1116,-4.218299488578488,Short-Term Reversal
1,-0.00025746099432415783,0.007370768766070606,1116,-0.5544966487757067,Composite (K=5 + Rev)
2,-0.0011842290271159553,0.004979296084428688,1116,-3.7754438956432645,Composite (K=5 + Rev)
3,-0.0011930688202250574,0.00477002573444394,1116,-3.9704985730044946,Composite (K=5 + Rev)
4,-0.0009260520752269525,0.003640071013809514,1116,-4.0385533406091,Composite (K=5 + Rev)
5,-0.0011621427190709518,0.0032173861607110096,1116,-5.733984922618029,Composite (K=5 + Rev)
6,-0.0012593278187113903,0.002919968391340302,1116,-6.846378688133133,Composite (K=5 + Rev)
7,-0.0011680783539194345,0.0026294453011436844,1116,-7.051931831320428,Composite (K=5 + Rev)
8,-0.001084088424489029,0.0027824442845449707,1116,-6.18498286488605,Composite (K=5 + Rev)
9,-0.001095999485749515,0.003833403807450355,1116,-4.538643287271974,Composite (K=5 + Rev)
10,-0.0010529384682780763,0.0032221149474135993,1116,-5.1875492557829,Composite (K=5 + Rev)
11,-0.0010599292646519241,0.0032623595382933334,1116,-5.157572380367858,Composite (K=5 + Rev)
12,-0.0010866342479032838,0.0033531497351972665,1116,-5.144352408471249,Composite (K=5 + Rev)
13,-0.0009303182149662116,0.0030914030990929126,1116,-4.777230062963355,Composite (K=5 + Rev)
14,-0.0011269262392848112,0.0035814237742250255,1116,-4.99505240879692,Composite (K=5 + Rev)
15,-0.0008658915445247776,0.0037039261475378246,1116,-3.71108968901402,Composite (K=5 + Rev)
16,-0.0008714265804649613,0.004435386410823778,1116,-3.1188867948037373,Composite (K=5 + Rev)
1,-0.00019313662850975168,0.0073335493109461,1116,-0.4180716319708068,Composite (K=10 + Rev)
2,-0.0011732177911454606,0.005009748568737118,1116,-3.7176027497163053,Composite (K=10 + Rev)
3,-0.0011100251412206976,0.004630338467157733,1116,-3.8055755451096367,Composite (K=10 + Rev)
4,-0.00094933686585096,0.003624995508048553,1116,-4.15731702600524,Composite (K=10 + Rev)
5,-0.0011448659406103718,0.0032183487784762303,1116,-5.6470521472763835,Composite (K=10 + Rev)
6,-0.0012723134889583035,0.0029151325567245184,1116,-6.928450111947424,Composite (K=10 + Rev)
7,-0.0011323410274481107,0.0026375077041501925,1116,-6.815281153254513,Composite (K=10 + Rev)
8,-0.0010611902903490782,0.0027994588496982552,1116,-6.017546431767085,Composite (K=10 + Rev)
9,-0.0010268971494042164,0.003762782315352378,1116,-4.332296027244821,Composite (K=10 + Rev)
10,-0.001049583393385972,0.0031891505362049866,1116,-5.224469539955388,Composite (K=10 + Rev)
11,-0.0010153014463402286,0.003259648160720335,1116,-4.944524685486576,Composite (K=10 + Rev)
12,-0.0011223042145234073,0.003360454877677362,1116,-5.301671270838662,Composite (K=10 + Rev)
13,-0.0009208291095592973,0.00314602236238068,1116,-4.646409738879315,Composite (K=10 + Rev)
14,-0.001136387728121728,0.0035442079388547615,1116,-5.089880797220879,Composite (K=10 + Rev)
15,-0.0008598111861355365,0.003771155617675776,1116,-3.619336039579488,Composite (K=10 + Rev)
16,-0.0008489131157686735,0.004504938385915133,1116,-2.9914011646158922,Composite (K=10 + Rev)
